Dataset,Log Loss,Brier Score
ecoli-0-3-4_vs_5,0.6808962634976038,0.24390924956401577
haberman,0.6959890144016488,0.25141193177509114
glass0,0.7135036918512663,0.2600557846861846
vowel0,0.7101105835783454,0.2582517011850471
wisconsin,0.6875343508029905,0.2472009159602929
segment0,0.7027014995603141,0.2546362790268137
