dataset,GEV Regression,LOGIT,PROBIT,CLOGLOG
ecoli,0.0713413385922589,0.039973394801544423,0.062297984921296526,0.08625623728056893
haberman,0.04391541123946844,0.08466617484898147,0.0812536713452103,0.009295721428496662
glass0,0.0013864831209945527,0.0849249000009428,0.0024749584132864764,0.02349435942943301
vowel0,0.051662045650294273,0.0830545892120644,0.08176640249385167,0.06657384932744495
wisconsin,0.05257851675860233,0.09601702868254629,0.0717486989100824,0.0458936080682781
segment0,0.031465299582365866,0.040885399277636146,0.06538700048721956,0.04086342964027874
