dataset,GEV Regression,LOGIT,PROBIT,CLOGLOG
ecoli,0.05678027921983828,0.014260419823512172,0.07341544360880896,0.0077929500457456944
haberman,0.011941312856770313,0.034832309398691405,0.07724074652874544,0.03824584303441995
glass0,0.022243392276976814,0.006259818030186182,0.08442702085609692,0.025793291251589644
vowel0,0.020353391892189165,0.0574360280773783,0.01535494377365414,0.02040879971128743
wisconsin,0.004964479221587159,0.0051957704089674595,0.09277106068211483,0.06884863082642313
segment0,0.014033471298546629,0.07069813324001817,0.05129281308874316,0.0022256505743838083
